train_loss,train_acc,val_loss,val_acc,train_f1,val_f1,epochs
2.4498143679113698,0.1539491298527443,2.368546019429746,0.23550724637681159,0.12803930044174194,0.13766109943389893,1
2.38557775804689,0.21999107541276217,2.3437306915504346,0.26811594202898553,0.14764927327632904,0.18886220455169678,2
2.351526257609853,0.2534582775546631,2.2934938306393833,0.30434782608695654,0.1940392702817917,0.24170398712158203,3
2.3188516852154577,0.2637215528781794,2.255033579425535,0.32608695652173914,0.21251130104064941,0.2623545825481415,4
2.284114214630331,0.286925479696564,2.221005163330963,0.358695652173913,0.23792271316051483,0.2908084988594055,5
2.2575146782775906,0.3150379294957608,2.2120083933291226,0.37318840579710144,0.27213025093078613,0.32379624247550964,6
2.234754852182575,0.32396251673360105,2.177443165710007,0.38768115942028986,0.28240081667900085,0.33509042859077454,7
2.2128134030202093,0.3467202141900937,2.1719411905261055,0.3442028985507246,0.3072137236595154,0.3137120306491852,8
2.192123334783361,0.35162873717090587,2.1419300307398257,0.3804347826086957,0.31640124320983887,0.3259885311126709,9
2.1788567618991794,0.3395805443998215,2.0938158380812495,0.4384057971014493,0.30391520261764526,0.4106333255767822,10
2.1605396854829597,0.36233824185631414,2.075784735057665,0.427536231884058,0.3348597586154938,0.39359113574028015,11
2.130875095199762,0.3868808567603748,2.035158938255863,0.4927536231884058,0.3562628924846649,0.46871188282966614,12
2.1260919735826374,0.3828647925033467,2.011211153389751,0.4673913043478261,0.3560428321361542,0.4389212727546692,13
2.1015987605827293,0.4038375725122713,2.0315629606661587,0.44565217391304346,0.38158559799194336,0.416167676448822,14
2.0877618222617507,0.41767068273092367,1.990245134934135,0.4927536231884058,0.39796552062034607,0.4762793779373169,15
2.0653636388510583,0.42302543507362783,1.9624502520630325,0.4855072463768116,0.4029620587825775,0.45641136169433594,16
2.0717711716770646,0.4221329763498438,1.9583407156709312,0.5434782608695652,0.40349307656288147,0.5209922790527344,17
2.03545401586799,0.4466755912539045,1.9415666435075842,0.5217391304347826,0.4305727779865265,0.5079607963562012,18
2.017779999255921,0.46184738955823296,1.9392818506213203,0.5036231884057971,0.44823405146598816,0.48979949951171875,19
2.005946911535642,0.46497099509147705,1.9381992091303286,0.5289855072463768,0.45596301555633545,0.5160967111587524,20
1.9922504446326703,0.47211066488174924,1.9062152703603108,0.5471014492753623,0.4629289507865906,0.531562864780426,21
1.9864388279274392,0.49442213297634985,1.8644252134406047,0.5652173913043478,0.48433440923690796,0.5607079267501831,22
1.9607429539503023,0.5020080321285141,1.870617731757786,0.5434782608695652,0.49121642112731934,0.5234045386314392,23
1.9518524154069858,0.5100401606425703,1.8727790756502014,0.5362318840579711,0.5023771524429321,0.5302352905273438,24
1.926220366168586,0.5247657295850067,1.8471082397129224,0.5615942028985508,0.5166251063346863,0.5472245812416077,25
1.9337722816833265,0.5207496653279786,1.836962140124777,0.6014492753623188,0.5155932903289795,0.5889225602149963,26
1.9166526757197313,0.5194109772423026,1.8157645032025767,0.5797101449275363,0.5154039263725281,0.5639354586601257,27
1.9172902086492842,0.5207496653279786,1.8439302237137505,0.5688405797101449,0.5131353139877319,0.568808376789093,28
1.8970137271217233,0.5528781793842035,1.8147514868473662,0.5507246376811594,0.5477815866470337,0.5277027487754822,29
1.8839550997092755,0.5430611334225792,1.8094863235086636,0.5833333333333334,0.5366703271865845,0.569830060005188,30
1.8770381757480021,0.5470771976796073,1.7762816574262537,0.5942028985507246,0.5416861176490784,0.5762839913368225,31
1.8712637534050045,0.5506470325747435,1.7959108940069226,0.5652173913043478,0.5458219051361084,0.5513074994087219,32
1.862431342024082,0.5684962070504239,1.7793693611587302,0.5905797101449275,0.5644512176513672,0.5793899297714233,33
1.8605883537472916,0.5667112896028559,1.765334295189899,0.6086956521739131,0.5617145299911499,0.5952736735343933,34
1.839799224027083,0.5827755466309683,1.7521230016929517,0.6123188405797102,0.5785325169563293,0.5972551107406616,35
1.8377226889532414,0.5747434181169121,1.7162740316943845,0.6268115942028986,0.5711894035339355,0.615341067314148,36
1.8204122792924424,0.5881302989736724,1.7616144505099973,0.6086956521739131,0.5834320783615112,0.6050453186035156,37
1.8163204897412866,0.5800981704596162,1.7178439264712126,0.6485507246376812,0.5771170854568481,0.6438486576080322,38
1.7961292176414738,0.5979473449352968,1.7159136931101482,0.6340579710144928,0.5946462154388428,0.6274257302284241,39
1.8068357612979247,0.5961624274877287,1.7322702753371086,0.6340579710144928,0.5935523509979248,0.6245649456977844,40
1.8043687499989787,0.6001784917447568,1.697135569392771,0.644927536231884,0.5977455973625183,0.6416946053504944,41
1.7993413582809905,0.5966086568496207,1.7199188557223997,0.6268115942028986,0.5927421450614929,0.6154095530509949,42
1.78753176112092,0.6015171798304328,1.7078165282373843,0.6666666666666666,0.5981644988059998,0.657827615737915,43
1.768838692009316,0.6211512717536813,1.7157056970872742,0.6195652173913043,0.6189534664154053,0.6104201674461365,44
1.7693939777103613,0.6149040606871932,1.6950330008631167,0.6557971014492754,0.6117244362831116,0.6500722169876099,45
1.7708685435338087,0.6108879964301651,1.6796579447345457,0.6594202898550725,0.6073580980300903,0.65034019947052,46
1.7528339961127264,0.6282909415439536,1.677321195602417,0.644927536231884,0.6248499155044556,0.6340222954750061,47
1.749640594684136,0.6323070058009818,1.7005908471950586,0.6268115942028986,0.6299940943717957,0.6208298206329346,48
1.765587073678898,0.6162427487728692,1.701215602349544,0.6557971014492754,0.6139008402824402,0.6534071564674377,49
1.7323703944603284,0.644355198572066,1.6879357427790544,0.644927536231884,0.642361581325531,0.642821729183197,50
1.7313092118764977,0.6434627398482821,1.6647175014882847,0.6594202898550725,0.6416857838630676,0.651447594165802,51
1.7387759364220459,0.6336456938866577,1.6855407175810442,0.644927536231884,0.6308183670043945,0.6371920108795166,52
1.7309598884429318,0.6309683177153057,1.662266705347144,0.6557971014492754,0.6282091736793518,0.6583014130592346,53
1.726977801014408,0.6541722445336903,1.6520197460616843,0.6847826086956522,0.6517499089241028,0.6817165613174438,54
1.7240987656000522,0.6394466755912539,1.6556119158648062,0.6485507246376812,0.6368221640586853,0.6461523771286011,55
1.7240091142565053,0.6461401160196341,1.6501862138941668,0.6666666666666666,0.6429325342178345,0.660828173160553,56
1.7139458437148931,0.6546184738955824,1.6243339137754578,0.6739130434782609,0.6520459055900574,0.6691899299621582,57
1.7089141016291594,0.6537260151717983,1.6783392584842185,0.6376811594202898,0.6515445113182068,0.6276236176490784,58
1.6997890231972133,0.6550647032574743,1.6673471599385359,0.6485507246376812,0.652760922908783,0.6406633853912354,59
1.69230368513978,0.6720214190093708,1.615995056387307,0.6920289855072463,0.669813871383667,0.6821874380111694,60
1.6861368322521382,0.676483712628291,1.616574840269227,0.6992753623188406,0.6735370755195618,0.6892960667610168,61
1.6761099282570686,0.680499776885319,1.6194708641024604,0.6811594202898551,0.6785920858383179,0.6815005540847778,62
1.6826018863679681,0.6751450245426149,1.6243963137916897,0.6956521739130435,0.6730858087539673,0.6887221932411194,63
1.6863952604376382,0.6724676483712628,1.6274407169093257,0.6956521739130435,0.6714513301849365,0.6879851818084717,64
1.6852935169063366,0.6711289602855868,1.6319691409235415,0.6956521739130435,0.6705898642539978,0.687901496887207,65
1.686961940440255,0.6662204373047746,1.6389631637628528,0.6739130434782609,0.6641003489494324,0.6636278033256531,66
1.6506037167383592,0.6938866577420795,1.5771567579628765,0.7318840579710145,0.6924661993980408,0.7257695198059082,67
1.6263871099309484,0.7077197679607318,1.5558833695840144,0.7318840579710145,0.7056723237037659,0.7295390367507935,68
1.6069874884772652,0.715305667112896,1.5521863146104675,0.7246376811594203,0.7134531736373901,0.7191501259803772,69
1.609367773608404,0.7255689424364123,1.5608711864637292,0.7318840579710145,0.7239686846733093,0.7251594662666321,70
1.6047280292221606,0.7286925479696564,1.5575508812199468,0.7318840579710145,0.7270159125328064,0.7247352004051208,71
1.601734923497208,0.7273538598839804,1.5674475656039473,0.6920289855072463,0.7256373167037964,0.6844583749771118,72
1.6019748783920131,0.7224453369031683,1.558454936829166,0.7101449275362319,0.7210493087768555,0.7027127146720886,73
1.5965417304883733,0.7233377956269522,1.5406456961148027,0.7427536231884058,0.7215508818626404,0.7345236539840698,74
1.587704277102408,0.7295850066934404,1.5355995012366253,0.7536231884057971,0.7270993590354919,0.7513641715049744,75
1.598202095665819,0.7273538598839804,1.5392056202542954,0.7355072463768116,0.7258054614067078,0.7313732504844666,76
1.598857216194558,0.7228915662650602,1.5361782329669897,0.7536231884057971,0.7212004065513611,0.7524521350860596,77
1.5800930863243827,0.7411869701026328,1.5316918760106184,0.7391304347826086,0.7401068806648254,0.7359493374824524,78
1.5612694844769772,0.7452030343596608,1.541858168615811,0.75,0.7438102960586548,0.7470589876174927,79
1.5784955623691395,0.7456492637215528,1.5230347004489622,0.7644927536231884,0.74384605884552,0.7626580595970154,80
1.55974596241445,0.7438643462739848,1.541058101515839,0.75,0.7420962452888489,0.746422529220581,81
1.564627211309873,0.7487728692547969,1.5230224806329478,0.7355072463768116,0.7472518086433411,0.7315723299980164,82
1.5492336564913014,0.7666220437304775,1.5348543740700984,0.7463768115942029,0.7654115557670593,0.7407838106155396,83
1.552531839108584,0.7532351628737171,1.5325010479360386,0.75,0.7522951364517212,0.7447552680969238,84
1.5579644283616398,0.7402945113788487,1.5355003778485283,0.7318840579710145,0.738364577293396,0.7287389039993286,85
1.5446627194303746,0.7751004016064257,1.5424357566280642,0.7246376811594203,0.7739606499671936,0.7175878882408142,86
1.533398808777625,0.7670682730923695,1.514474792756896,0.7536231884057971,0.7661309242248535,0.7457735538482666,87
1.5143303740827807,0.7804551539491299,1.5120333899622378,0.75,0.7795715928077698,0.7460205554962158,88
1.517675282432798,0.7768853190539937,1.514150895934174,0.7608695652173914,0.7756935358047485,0.7573791742324829,89
1.50563237774537,0.7826863007585899,1.5037157846533733,0.7536231884057971,0.7816312909126282,0.7491174340248108,90
1.4995451450135122,0.7947344935296743,1.4991396337315657,0.7753623188405797,0.7933892011642456,0.7737706303596497,91
1.5016840607499715,0.786256135653726,1.49858428084332,0.7644927536231884,0.7856452465057373,0.7612930536270142,92
1.5038348719351315,0.7898259705488622,1.4932962846064912,0.7644927536231884,0.7888117432594299,0.7593713402748108,93
1.498434007619971,0.7898259705488622,1.4913930029108904,0.7862318840579711,0.7890532612800598,0.7807546854019165,94
1.4875368901737456,0.7920571173583222,1.4953024594680122,0.7898550724637681,0.7906739115715027,0.7896369099617004,95
1.4892117454770526,0.7987505577867023,1.4844920376072759,0.7753623188405797,0.7975233197212219,0.7714201211929321,96
1.491653698142859,0.7929495760821063,1.4915738572245059,0.7681159420289855,0.7922688722610474,0.7654391527175903,97
1.4890743272211977,0.7987505577867023,1.4860122964002085,0.7717391304347826,0.7976455688476562,0.7682541012763977,98
1.494334919013279,0.7893797411869701,1.4916951742725095,0.7572463768115942,0.7884817123413086,0.7482905983924866,99
1.4825036139532903,0.8058902275769746,1.4755693829577903,0.782608695652174,0.805484414100647,0.7814543843269348,100
1.4891668134159086,0.7991967871485943,1.4751406821651736,0.782608695652174,0.7984644770622253,0.7788611650466919,101
1.4770968195478176,0.8041053101294066,1.4788645972376284,0.7681159420289855,0.8033189177513123,0.7631668448448181,102
1.4878352098516032,0.7902721999107541,1.4682134199833525,0.7789855072463768,0.7892612814903259,0.773658275604248,103
1.4892373529729541,0.7925033467202142,1.481125351311504,0.782608695652174,0.7917993068695068,0.7797642350196838,104
1.482765092002872,0.8023203926818384,1.4831504804500635,0.7789855072463768,0.8016319274902344,0.7757960557937622,105
1.4750051095197372,0.8036590807675145,1.477202031923377,0.7644927536231884,0.8032283186912537,0.7623029947280884,106
1.477005987282259,0.8041053101294066,1.4956527412801548,0.7753623188405797,0.8038305640220642,0.7715306282043457,107
1.4822869218390524,0.7965194109772423,1.4806720709455186,0.7717391304347826,0.7957432270050049,0.769565999507904,108
1.4740882828426063,0.8094600624721107,1.4766257465749546,0.7789855072463768,0.8090305924415588,0.77325439453125,109
1.4649118780291863,0.8072289156626506,1.4661258199940557,0.7862318840579711,0.8063406944274902,0.7818794250488281,110
1.4590758710288405,0.8152610441767069,1.4677793945091357,0.7789855072463768,0.8147257566452026,0.7752084136009216,111
1.4511695895435448,0.822400713966979,1.467870819395867,0.7753623188405797,0.8218532204627991,0.7667936086654663,112
1.4463967775883604,0.8273092369477911,1.4630062424618264,0.7789855072463768,0.8268505334854126,0.7762582898139954,113
1.4459045356748785,0.8246318607764391,1.4639872329822485,0.7898550724637681,0.823967456817627,0.787339448928833,114
1.4507801713607291,0.8304328424810352,1.4705947723941526,0.782608695652174,0.8301498293876648,0.778387725353241,115
1.4502042528243535,0.8134761267291388,1.4709474487581116,0.7789855072463768,0.8132762312889099,0.7739449739456177,116
1.4374682681999904,0.818384649709951,1.474257292954818,0.7717391304347826,0.8180023431777954,0.7658823728561401,117
1.4363103229943155,0.8317715305667113,1.4743599166040835,0.7862318840579711,0.8314935564994812,0.7817193865776062,118
1.4493108313831566,0.8161535029004908,1.477713688560154,0.7898550724637681,0.8153560161590576,0.7875418066978455,119
1.4317660501949068,0.8331102186523873,1.4698673400326052,0.7789855072463768,0.8326306939125061,0.775484561920166,120
1.4438620950961847,0.8090138331102187,1.4683748915575552,0.7862318840579711,0.8084602355957031,0.7828850746154785,121
1.4390626168580845,0.822400713966979,1.467423829479494,0.7934782608695652,0.8218421339988708,0.7908536791801453,122
1.4348840750737257,0.8389112003569835,1.4684162139892578,0.782608695652174,0.8381993174552917,0.7791816592216492,123
